Keyword,Name,Rating,Review_count,Price_range,Category,Address,Latitude,Longitude,Current_status,Next_status,Website,Scraped_at,Telephone,Tags,Detail_URL
Auto body shop philladelphia,Pro Team Collision,4.9,307,,Auto body shop,378 Crooked Ln,40.0930726,-75.3451387,Closes soon,5 PMOpens 8 AM Thu,/aclk?sa=l&ai=DChcSEwioz-ugzeCEAxXGbX8AHZ0CBOYYABAAGgJvYQ&gclid=EAIaIQobChMIqM_roM3ghAMVxm1_AB2dAgTmEBAYASAAEgKYcvD_BwE&sig=AOD64_3UnYu17Y4Oy6mknorPv410ngVMiQ&adurl&q&ctype=99,2024-03-06 15:42:01,(610) 277-2544,,https://www.google.com/maps/place/Pro+Team+Collision/data=!4m7!3m6!1s0x89c695f71ab74a41:0x3e2e2e9401bc0289!8m2!3d40.0930726!4d-75.3451387!16s%2Fg%2F1tg87m04!19sChIJQUq3GveVxokRiQK8AZQuLj4?authuser=0&hl=en&rclk=1
Auto body shop philladelphia,PACIFICO. MARPLE LINCOLN,4.9,25,,Lincoln dealer,3015 West Chester Pike,39.984332,-75.3750075,Open,Closes 8 PM,/aclk?sa=l&ai=DChcSEwioz-ugzeCEAxXGbX8AHZ0CBOYYABABGgJvYQ&gclid=EAIaIQobChMIqM_roM3ghAMVxm1_AB2dAgTmEBAYAiAAEgJrS_D_BwE&sig=AOD64_3D5KHyXBABt7ugp03at2YJKUzh6A&adurl&q&ctype=99,2024-03-06 15:42:02,(844) 842-1993," 
In-store shopping
·
In-store pickup
·
Delivery",https://www.google.com/maps/place/PACIFICO.+MARPLE+LINCOLN/data=!4m7!3m6!1s0x89c6ea58346aaaab:0x8313f7e08ff72f5c!8m2!3d39.984332!4d-75.3750075!16s%2Fg%2F11s52yj9zr!19sChIJq6pqNFjqxokRXC_3j-D3E4M?authuser=0&hl=en&rclk=1
Auto body shop philladelphia,Rocco's Collision Center,4.6,208,,Auto body shop,806 Reed St,39.9315709,-75.1583468,Closes soon,5:30 PMOpens 7:30 AM Thu,https://www.roccoscollision.com/reed-st-phil/,2024-03-06 15:42:03,(215) 334-3244,,https://www.google.com/maps/place/Rocco%27s+Collision+Center/data=!4m7!3m6!1s0x89c6c61c45185699:0xacfd7e4f7849c949!8m2!3d39.9315709!4d-75.1583468!16s%2Fg%2F1vfzg39f!19sChIJmVYYRRzGxokRSclJeE9-_aw?authuser=0&hl=en&rclk=1
Auto body shop philladelphia,K & A Auto Body Shop,4.6,194,,Auto body shop,429 S 61st St,39.9546869,-75.2440033,Closes soon,5 PMOpens 8 AM Thu,https://www.kandaautobodyshop.com/,2024-03-06 15:42:04,(215) 476-9299,,https://www.google.com/maps/place/K+%26+A+Auto+Body+Shop/data=!4m7!3m6!1s0x89c6c7a5b1f6e203:0xfa9935eaa188a876!8m2!3d39.9546869!4d-75.2440033!16s%2Fg%2F1tjyvkhm!19sChIJA-L2saXHxokRdqiIoeo1mfo?authuser=0&hl=en&rclk=1
Auto body shop philladelphia,A.O.K. Auto Body & Glass,4.8,134,,Auto body shop,1330 Washington Ave,39.9375864,-75.1658468,Open,Closes 6 PM,http://aokautobody.net/,2024-03-06 15:42:06,(215) 465-4300,,https://www.google.com/maps/place/A.O.K.+Auto+Body+%26+Glass/data=!4m7!3m6!1s0x89c6c61827cca287:0x34380f8b626af3f1!8m2!3d39.9375864!4d-75.1658468!16s%2Fg%2F1thlp0k3!19sChIJh6LMJxjGxokR8fNqYosPODQ?authuser=0&hl=en&rclk=1
Auto body shop philladelphia,Sam's Autobody Collision Center,4.8,41,,Auto body shop,4048 G St,40.0105886,-75.1133328,Closes soon,5 PMOpens 9 AM Thu,,2024-03-06 15:42:07,(215) 425-6000,,https://www.google.com/maps/place/Sam%27s+Autobody+Collision+Center/data=!4m7!3m6!1s0x89c6b7ca2cf9a259:0x470d292ada45a317!8m2!3d40.0105886!4d-75.1133328!16s%2Fg%2F1tdzbch3!19sChIJWaL5LMq3xokRF6NF2iopDUc?authuser=0&hl=en&rclk=1
Auto body shop philladelphia,Nasim Auto and Collision,4.6,120,,Auto body shop,615 W Fisher Ave,40.0324995,-75.1339554,Open,Closes 6 PM,http://businessfinder.pennlive.com/nasim-auto-collision-philadelphia-pa.html,2024-03-06 15:42:08,(215) 324-9500,,https://www.google.com/maps/place/Nasim+Auto+and+Collision/data=!4m7!3m6!1s0x89c6b79f1daa733b:0x71d56804266c6792!8m2!3d40.0324995!4d-75.1339554!16s%2Fg%2F1pt_367sg!19sChIJO3OqHZ-3xokRkmdsJgRo1XE?authuser=0&hl=en&rclk=1
Auto body shop philladelphia,Len's Auto Body,4.7,48,,Auto body shop,4819 Cottman Ave,40.0281545,-75.0338071,Open,Closes 6:30 PM,https://www.lensautobody.net/,2024-03-06 15:42:09,(215) 333-8177,,https://www.google.com/maps/place/Len%27s+Auto+Body/data=!4m7!3m6!1s0x89c6b4496e854c17:0x6b63d03b0759e02e!8m2!3d40.0281545!4d-75.0338071!16s%2Fg%2F1th7nvtz!19sChIJF0yFbkm0xokRLuBZBzvQY2s?authuser=0&hl=en&rclk=1
Auto body shop philladelphia,Liberty Collision Center,4.7,84,,Auto body shop,117 Richmond St,39.9665895,-75.1336367,Closes soon,5 PMOpens 8 AM Thu,http://libertycollision.center/,2024-03-06 15:42:11,(215) 634-5331,,https://www.google.com/maps/place/Liberty+Collision+Center/data=!4m7!3m6!1s0x89c6c868676a72c1:0x9328550c8db1de43!8m2!3d39.9665895!4d-75.1336367!16s%2Fg%2F1tk_kp10!19sChIJwXJqZ2jIxokRQ96xjQxVKJM?authuser=0&hl=en&rclk=1
Auto body shop philladelphia,Caliber Collision,4.8,570,,Auto body shop,2052 Washington Ave,39.938984,-75.177714,Closes soon,5:30 PMOpens 7:30 AM Thu,https://www.caliber.com/find-a-location/center-city-south?utm_source=google&utm_medium=gbp-profile&utm_campaign=collision,2024-03-06 15:42:12,(215) 545-9969,,https://www.google.com/maps/place/Caliber+Collision/data=!4m7!3m6!1s0x89c6c66ad27b5755:0x7cad66bf8564eac5!8m2!3d39.938984!4d-75.177714!16s%2Fg%2F1thmlz02!19sChIJVVd70mrGxokRxepkhb9mrXw?authuser=0&hl=en&rclk=1
Auto body shop philladelphia,Liberty Auto Body,5.0,131,,Auto body shop,1616 McKean St,39.9260522,-75.1735079,Closes soon,5 PMOpens 9 AM Thu,,2024-03-06 15:42:13,(215) 271-9420,,https://www.google.com/maps/place/Liberty+Auto+Body/data=!4m7!3m6!1s0x89c6c60c12cab8eb:0x142d146726c66fe3!8m2!3d39.9260522!4d-75.1735079!16s%2Fg%2F1tjwjp_d!19sChIJ67jKEgzGxokR42_GJmcULRQ?authuser=0&hl=en&rclk=1
Auto body shop philladelphia,Nigro's Auto Body Repair,4.5,269,,Auto repair shop,939 Washington Ave,39.9368238,-75.159543,Closes soon,5 PMOpens 8:30 AM Thu,http://phillyautobody.com/,2024-03-06 15:42:14,(215) 925-4520,,https://www.google.com/maps/place/Nigro%27s+Auto+Body+Repair/data=!4m7!3m6!1s0x89c6c61f3a966c9f:0x608e4c34653a7c8f!8m2!3d39.9368238!4d-75.159543!16s%2Fg%2F1thl_dby!19sChIJn2yWOh_GxokRj3w6ZTRMjmA?authuser=0&hl=en&rclk=1
Auto body shop philladelphia,Fairmount Auto Body N Fender,4.5,42,,Auto body shop,715 N 42nd St,39.9652587,-75.2072424,Closes soon,5 PMOpens 9 AM Thu,,2024-03-06 15:42:16,(215) 240-7592,,https://www.google.com/maps/place/Fairmount+Auto+Body+N+Fender/data=!4m7!3m6!1s0x89c6c7020189f0a1:0xc772a1a9cbfa0f9!8m2!3d39.9652587!4d-75.2072424!16s%2Fg%2F1pp2tv9ln!19sChIJofCJAQLHxokR-aC_nBoqdww?authuser=0&hl=en&rclk=1
Auto body shop philladelphia,Basil's Auto Body,3.7,23,,Auto body shop,1645 Washington Ave,39.9385787,-75.1713653,Closes soon,5 PMOpens 8 AM Thu,http://usaautobody.net/,2024-03-06 15:42:17,(215) 735-2199,,https://www.google.com/maps/place/Basil%27s+Auto+Body/data=!4m7!3m6!1s0x89c6c616721d7a83:0x26396a30cb0fd413!8m2!3d39.9385787!4d-75.1713653!16s%2Fg%2F1v7tmb8t!19sChIJg3odchbGxokRE9QPyzBqOSY?authuser=0&hl=en&rclk=1
Auto body shop philladelphia,Provision Collision,4.7,73,,Auto body shop,2536 Castor Ave #5542,39.9924234,-75.0930112,Open,Closes 6 PM,,2024-03-06 15:42:18,(267) 752-1037,,https://www.google.com/maps/place/Provision+Collision/data=!4m7!3m6!1s0x89c6b627abb1f653:0xefc3a4c013f96547!8m2!3d39.9924234!4d-75.0930112!16s%2Fg%2F1tcwgys7!19sChIJU_axqye2xokRR2X5E8Ckw-8?authuser=0&hl=en&rclk=1
Auto body shop philladelphia,Caliber Collision,4.7,661,,Auto body shop,2609 E York St,39.976369,-75.1221633,Closes soon,5:30 PMOpens 7:30 AM Thu,https://www.caliber.com/find-a-location/philadelphia-york-st?utm_source=google&utm_medium=gbp-profile&utm_campaign=collision,2024-03-06 15:42:19,(267) 239-5373,,https://www.google.com/maps/place/Caliber+Collision/data=!4m7!3m6!1s0x89c6c83854b09627:0x2def8d8aacef46a6!8m2!3d39.976369!4d-75.1221633!16s%2Fg%2F11c2qywlhj!19sChIJJ5awVDjIxokRpkbvrIqN7y0?authuser=0&hl=en&rclk=1
Auto body shop philladelphia,Auto Specialties of Philadelphia,4.8,67,,Auto body shop,7972 Rockwell Ave,40.0742174,-75.0833761,Open,Closes 7 PM,https://www.autospecialtiesphilly.com/,2024-03-06 15:42:21,(215) 342-0747,,https://www.google.com/maps/place/Auto+Specialties+of+Philadelphia/data=!4m7!3m6!1s0x89c6b149ba3758c1:0xc295aaedbf8cf300!8m2!3d40.0742174!4d-75.0833761!16s%2Fg%2F1tdzxp8g!19sChIJwVg3ukmxxokRAPOMv-2qlcI?authuser=0&hl=en&rclk=1
Auto body shop philladelphia,Rocco's Collision Center,4.5,147,,Auto body shop,1021 Snyder Ave,39.9238476,-75.1635722,Closes soon,5:30 PMOpens 7:30 AM Thu,https://www.roccoscollision.com/snyder-ave-phil/,2024-03-06 15:42:22,(215) 334-3444,,https://www.google.com/maps/place/Rocco%27s+Collision+Center/data=!4m7!3m6!1s0x89c6c6067ec248ad:0xb8a5a7fcd4bd1275!8m2!3d39.9238476!4d-75.1635722!16s%2Fg%2F1tdzs2l_!19sChIJrUjCfgbGxokRdRK91Pynpbg?authuser=0&hl=en&rclk=1
Auto body shop philladelphia,Handcraft Auto Body INC,4.8,126,,Auto body shop,1828 Buckius St,40.0046004,-75.0976873,Closes soon,5 PMOpens 8:30 AM Thu,https://www.handcraftautobody.com/,2024-03-06 15:42:23,(215) 288-5750,,https://www.google.com/maps/place/Handcraft+Auto+Body+INC/data=!4m7!3m6!1s0x89c6b630f6927cf9:0xddad3be82bd440c4!8m2!3d40.0046004!4d-75.0976873!16s%2Fg%2F1pv02spwd!19sChIJ-XyS9jC2xokRxEDUK-g7rd0?authuser=0&hl=en&rclk=1
Auto body shop philladelphia,Advantage Auto Body,5.0,22,,Auto body shop,9851 Northeast Ave,40.1001401,-75.0274189,Open,Closes 7 PM,,2024-03-06 15:42:24,(215) 969-3800,,https://www.google.com/maps/place/Advantage+Auto+Body/data=!4m7!3m6!1s0x89c6b3b292a3bdf5:0x9d24c6497b5cf685!8m2!3d40.1001401!4d-75.0274189!16s%2Fg%2F1tfs20bd!19sChIJ9b2jkrKzxokRhfZce0nGJJ0?authuser=0&hl=en&rclk=1
Auto body shop philladelphia,Auto Body Philadelphia,3.7,3,,Auto body shop,"8305 Torresdale Avenue Suite C ""Rear Shop:, 8305 Torresdale Ave",40.0390347,-75.0172807,Open 24 hours,,http://www.autobodyphiladelphia.com/,2024-03-06 15:42:26,(267) 332-5788,,https://www.google.com/maps/place/Auto+Body+Philadelphia/data=!4m7!3m6!1s0x89c6b5155ede3f0f:0x69fbd1cb14889995!8m2!3d40.0390347!4d-75.0172807!16s%2Fg%2F11mvsm3m_j!19sChIJDz_eXhW1xokRlZmIFMvR-2k?authuser=0&hl=en&rclk=1
Auto body shop philladelphia,Roxy Auto Body Inc.,4.5,90,,Auto body shop,7729 Winston Rd,40.0692432,-75.1970259,Closes soon,5 PMOpens 8 AM Thu,http://roxyautobody.com/,2024-03-06 15:42:27,(215) 242-2111,,https://www.google.com/maps/place/Roxy+Auto+Body+Inc./data=!4m7!3m6!1s0x89c6b99c26a7e039:0x4b0be5242ddca4fe!8m2!3d40.0692432!4d-75.1970259!16s%2Fg%2F1tgz1k0m!19sChIJOeCnJpy5xokR_qTcLSTlC0s?authuser=0&hl=en&rclk=1
Auto body shop philladelphia,DeGovanni Collision Experts,4.7,203,,Auto body shop,5104 Umbria St,40.0375544,-75.2390406,Closes soon,5 PMOpens 8 AM Thu,http://degovanniscollision.com/,2024-03-06 15:42:29,(215) 483-0935," 
""... streets of Philadelphia, and DeGovanni's crew made it look great!""
 
BOOK ONLINE",https://www.google.com/maps/place/DeGovanni+Collision+Experts/data=!4m7!3m6!1s0x89c6b8cfacd1f18f:0xd6a12bedd084842b!8m2!3d40.0375544!4d-75.2390406!16s%2Fg%2F1w2y_dhn!19sChIJj_HRrM-4xokRK4SE0O0rodY?authuser=0&hl=en&rclk=1
Auto body shop philladelphia,Alex's Auto Body,4.2,50,,Auto body shop,1120 S Broad St,39.9371607,-75.1674454,Closed,Opens 8:30 AM Thu,,2024-03-06 15:42:31,(215) 772-0800," 
""Living here in Philadelphia""",https://www.google.com/maps/place/Alex%27s+Auto+Body/data=!4m7!3m6!1s0x89c6c6179d545d1f:0xc3e897eb30ba799a!8m2!3d39.9371607!4d-75.1674454!16s%2Fg%2F1thx9l3n!19sChIJH11UnRfGxokRmnm6MOuX6MM?authuser=0&hl=en&rclk=1
Auto body shop philladelphia,Auto Show Collision Center,4.6,45,,Auto body shop,932 Reed St,39.9318675,-75.1605609,Closed,Opens 8 AM Thu,http://www.autoshowcollision.com/,2024-03-06 15:42:32,(215) 463-1755,,https://www.google.com/maps/place/Auto+Show+Collision+Center/data=!4m7!3m6!1s0x89c6c61b88f36409:0xe628bad232cca0e6!8m2!3d39.9318675!4d-75.1605609!16s%2Fg%2F1tlbkjhz!19sChIJCWTziBvGxokR5qDMMtK6KOY?authuser=0&hl=en&rclk=1
Auto body shop philladelphia,Nasim Auto and Collision,4.6,120,,Auto body shop,615 W Fisher Ave,40.0324995,-75.1339554,Open,Closes 6 PM,http://businessfinder.pennlive.com/nasim-auto-collision-philadelphia-pa.html,2024-03-06 15:42:33,(215) 324-9500," 
""Best Mechanic in all of Philadelphia! He is very ...""",https://www.google.com/maps/place/Nasim+Auto+and+Collision/data=!4m7!3m6!1s0x89c6b79f1daa733b:0x71d56804266c6792!8m2!3d40.0324995!4d-75.1339554!16s%2Fg%2F1pt_367sg!19sChIJO3OqHZ-3xokRkmdsJgRo1XE?authuser=0&hl=en&rclk=1
Auto body shop philladelphia,Caliber Collision,4.6,313,,Auto body shop,4436 Market St,39.9580558,-75.2109394,Closes soon,5:30 PMOpens 7:30 AM Thu,https://www.caliber.com/find-a-location/university-city,2024-03-06 15:42:34,(215) 386-6450," 
""... in University City (Philadelphia) through my insurance company.""",https://www.google.com/maps/place/Caliber+Collision/data=!4m7!3m6!1s0x89c6c6fb1c552831:0xc90c8d04adea5d53!8m2!3d39.9580558!4d-75.2109394!16s%2Fg%2F1tdxlv7j!19sChIJMShVHPvGxokRU13qrQSNDMk?authuser=0&hl=en&rclk=1
Auto body shop philladelphia,Classic Body Worx,4.6,121,,Auto body shop,9902 Bustleton Ave,40.0985388,-75.0308566,Closes soon,5 PMOpens 8 AM Thu,https://www.classicbodyworx.com/,2024-03-06 15:42:36,(215) 676-3800,,https://www.google.com/maps/place/Classic+Body+Worx/data=!4m7!3m6!1s0x89c6b3b3f1f9c85b:0xcda3acef2346e1c6!8m2!3d40.0985388!4d-75.0308566!16s%2Fg%2F1tdry84n!19sChIJW8j58bOzxokRxuFGI--so80?authuser=0&hl=en&rclk=1
Auto body shop philladelphia,Hollywood Collision,4.6,131,,Auto body shop,4831 Duffield St,40.0168714,-75.0793351,Closes soon,5 PMOpens 8 AM Thu,,2024-03-06 15:42:37,(267) 668-8149," 
""Hands down, the best auto repair shop in Philly!""",https://www.google.com/maps/place/Hollywood+Collision/data=!4m7!3m6!1s0x89c6b668c8a12fc7:0xf1fd105d31073ab1!8m2!3d40.0168714!4d-75.0793351!16s%2Fg%2F11bxg3kq9p!19sChIJxy-hyGi2xokRsToHMV0Q_fE?authuser=0&hl=en&rclk=1
Auto body shop philladelphia,Roxy Auto Body Inc.,4.5,90,,Auto body shop,7729 Winston Rd,40.0692432,-75.1970259,Closes soon,5 PMOpens 8 AM Thu,http://roxyautobody.com/,2024-03-06 15:42:38,(215) 242-2111,,https://www.google.com/maps/place/Roxy+Auto+Body+Inc./data=!4m7!3m6!1s0x89c6b99c26a7e039:0x4b0be5242ddca4fe!8m2!3d40.0692432!4d-75.1970259!16s%2Fg%2F1tgz1k0m!19sChIJOeCnJpy5xokR_qTcLSTlC0s?authuser=0&hl=en&rclk=1
Auto body shop philladelphia,Len's Auto Body,4.7,48,,Auto body shop,4819 Cottman Ave,40.0281545,-75.0338071,Open,Closes 6:30 PM,https://www.lensautobody.net/,2024-03-06 15:42:39,(215) 333-8177,,https://www.google.com/maps/place/Len%27s+Auto+Body/data=!4m7!3m6!1s0x89c6b4496e854c17:0x6b63d03b0759e02e!8m2!3d40.0281545!4d-75.0338071!16s%2Fg%2F1th7nvtz!19sChIJF0yFbkm0xokRLuBZBzvQY2s?authuser=0&hl=en&rclk=1
Auto body shop philladelphia,Crash Champions Collision Repair,4.6,253,,Auto body shop,6201 Oxford Ave,40.0424845,-75.0878998,Closes soon,5 PMOpens 8 AM Thu,https://crashchampions.com/locations/crash-champions-oxford-ave,2024-03-06 15:42:40,(215) 535-6606," 
""The employees are awesome especially in philadelphia area""",https://www.google.com/maps/place/Crash+Champions+Collision+Repair/data=!4m7!3m6!1s0x89c6b6edb5865e79:0xc7a7ba5e5bbf4b61!8m2!3d40.0424845!4d-75.0878998!16s%2Fg%2F1tfzswh1!19sChIJeV6Gte22xokRYUu_W166p8c?authuser=0&hl=en&rclk=1
Auto body shop philladelphia,"Mike's Auto Body & Repair, Inc.",4.5,104,,Auto body shop,7116 Castor Ave,40.0487651,-75.0688668,Closed,Opens 8 AM Thu,http://www.mikesautobodyphilly.com/,2024-03-06 15:42:42,(215) 342-3179," 
""... I will recommend this auto shop to everybody in Philadelphia, ...""","https://www.google.com/maps/place/Mike%27s+Auto+Body+%26+Repair,+Inc./data=!4m7!3m6!1s0x89c6b6a243f2c971:0xd3ae985ad1d5ca9!8m2!3d40.0487651!4d-75.0688668!16s%2Fg%2F11b5z_cqf8!19sChIJccnyQ6K2xokRqVwdrYXpOg0?authuser=0&hl=en&rclk=1"
Auto body shop philladelphia,Central City's Auto Body,4.6,50,,Auto body shop,3387 Richmond St,39.9850349,-75.0965042,Closes soon,5 PMOpens 8:30 AM Thu,https://central-citys-auto-body.business.site/,2024-03-06 15:42:43,(215) 413-2900,,https://www.google.com/maps/place/Central+City%27s+Auto+Body/data=!4m7!3m6!1s0x89c6c9d0ae12789b:0xf889d9dbbc39c4ae!8m2!3d39.9850349!4d-75.0965042!16s%2Fg%2F1260wzz19!19sChIJm3gSrtDJxokRrsQ5vNvZifg?authuser=0&hl=en&rclk=1
Auto body shop philladelphia,Body Beautiful Collision Center,4.7,62,,Auto body shop,4726 Hellerman St,40.0217377,-75.0496382,Closes soon,5 PMOpens 7 AM Thu,http://bodybeautifulcollisioncenter.com/,2024-03-06 15:42:44,(215) 333-2121,,https://www.google.com/maps/place/Body+Beautiful+Collision+Center/data=!4m7!3m6!1s0x89c6b5d279afff8b:0x227936d4b78f9ca3!8m2!3d40.0217377!4d-75.0496382!16s%2Fg%2F1v5k3zx6!19sChIJi_-vedK1xokRo5yPt9Q2eSI?authuser=0&hl=en&rclk=1
Auto body shop philladelphia,DeSimone Auto Body INC.,4.1,36,,Auto body shop,518 N 2nd St,39.959764,-75.141994,Closes soon,5 PMOpens 8 AM Thu,http://thebodyshopcentercity.com/,2024-03-06 15:42:46,(215) 744-6400,,https://www.google.com/maps/place/DeSimone+Auto+Body+INC./data=!4m7!3m6!1s0x89c6c8633e8e7edd:0x4f3cc35ad15d0b61!8m2!3d39.959764!4d-75.141994!16s%2Fg%2F11b75l3xqn!19sChIJ3X6OPmPIxokRYQtd0VrDPE8?authuser=0&hl=en&rclk=1
Auto body shop philladelphia,Pro Auto Body Collision,4.3,60,,Auto body shop,1408 N 50th St,39.9749205,-75.2228477,Closes soon,5 PMOpens 9 AM Thu,,2024-03-06 15:42:47,(215) 596-5113,,https://www.google.com/maps/place/Pro+Auto+Body+Collision/data=!4m7!3m6!1s0x89c6c7185c52104b:0x52e990c75db638db!8m2!3d39.9749205!4d-75.2228477!16s%2Fg%2F1tjh0b1w!19sChIJSxBSXBjHxokR2zi2XceQ6VI?authuser=0&hl=en&rclk=1
Auto body shop philladelphia,Urban Collision,4.8,33,,Auto body shop,1717 S 25th St,39.9307672,-75.1867594,Closes soon,5 PMOpens 8 AM Thu,http://urbancollision.com/,2024-03-06 15:42:48,(215) 551-9440," 
""Top notch. Better than any of the South Philadelphia shops by far.""",https://www.google.com/maps/place/Urban+Collision/data=!4m7!3m6!1s0x89c6c671b5581509:0x4e428e5484556e79!8m2!3d39.9307672!4d-75.1867594!16s%2Fg%2F1tw1fstg!19sChIJCRVYtXHGxokReW5VhFSOQk4?authuser=0&hl=en&rclk=1
Auto body shop philladelphia,Automotive Collision & Service Experts,4.3,88,,Auto body shop,3101 Grays Ferry Ave,39.9394527,-75.1951755,Closes soon,5 PMOpens 9 AM Thu,,2024-03-06 15:42:49,(215) 423-4502," 
""Living in Philadelphia, accidents happen.""",https://www.google.com/maps/place/Automotive+Collision+%26+Service+Experts/data=!4m7!3m6!1s0x89c6c666b5a34393:0xc0922e8d3940a862!8m2!3d39.9394527!4d-75.1951755!16s%2Fg%2F11bt_hlkx8!19sChIJk0OjtWbGxokRYqhAOY0uksA?authuser=0&hl=en&rclk=1
Auto body shop philladelphia,CHRIS' COMPLETE AUTO BODY INC.,4.8,30,,Auto body shop,4662-68 Ditman St,40.012762,-75.078481,Closes soon,5 PMOpens 8:30 AM Thu,,2024-03-06 15:42:51,(215) 537-8560,,https://www.google.com/maps/place/CHRIS%27+COMPLETE+AUTO+BODY+INC./data=!4m7!3m6!1s0x89c6b7493c749683:0x2e7cbaea645e09d4!8m2!3d40.012762!4d-75.078481!16s%2Fg%2F11fhvy6jj6!19sChIJg5Z0PEm3xokR1AleZOq6fC4?authuser=0&hl=en&rclk=1
Auto body shop philladelphia,Modern Collision Center,4.7,38,,Auto body shop,2150 Kinsey St,40.0080153,-75.0820978,Closes soon,5 PMOpens 9:30 AM Thu,,2024-03-06 15:42:52,(215) 288-7020,,https://www.google.com/maps/place/Modern+Collision+Center/data=!4m7!3m6!1s0x89c6b6152458ca5b:0x23d54d03a002785b!8m2!3d40.0080153!4d-75.0820978!16s%2Fg%2F11b7hfzzw7!19sChIJW8pYJBW2xokRW3gCoANN1SM?authuser=0&hl=en&rclk=1
Auto body shop philladelphia,Henry A Guldner Collision Services,5.0,86,,Auto body shop,5105 Umbria St,40.0380251,-75.2389124,Closes soon,5 PMOpens 8 AM Thu,,2024-03-06 15:42:53,(215) 487-0980," 
""Best auto body shop in Philadelphia, they don't try to get over on you ...""",https://www.google.com/maps/place/Henry+A+Guldner+Collision+Services/data=!4m7!3m6!1s0x89c6b8cfb5ee27ad:0x5cc7cdde9d8e7931!8m2!3d40.0380251!4d-75.2389124!16s%2Fg%2F1264263qz!19sChIJrSfutc-4xokRMXmOnd7Nx1w?authuser=0&hl=en&rclk=1
Auto body shop philladelphia,Craig's Collision Center - Philadelphia,3.8,123,,Auto body shop,4925 Van Kirk St,40.0132066,-75.0591513,Closed,Opens 9 AM Thu,http://craigscollision.net/,2024-03-06 15:42:56,(215) 289-0455,,https://www.google.com/maps/place/Craig%27s+Collision+Center+-+Philadelphia/data=!4m7!3m6!1s0x89c6b5d854e672e9:0x36e92222990304ce!8m2!3d40.0132066!4d-75.0591513!16s%2Fg%2F1tt8d6mw!19sChIJ6XLmVNi1xokRzgQDmSIi6TY?authuser=0&hl=en&rclk=1
Auto body shop philladelphia,Caliber Collision,4.6,362,,Auto body shop,1225 Cottman Ave,40.0590059,-75.079099,Closes soon,5:30 PMOpens 7:30 AM Thu,https://www.caliber.com/find-a-location/northeast-philadelphia,2024-03-06 15:42:57,(215) 742-2241,,https://www.google.com/maps/place/Caliber+Collision/data=!4m7!3m6!1s0x89c6b6b751773711:0x48467e6ae9e43b4b!8m2!3d40.0590059!4d-75.079099!16s%2Fg%2F1tcyl_9s!19sChIJETd3Ube2xokRSzvk6Wp-Rkg?authuser=0&hl=en&rclk=1
Auto body shop philladelphia,Twins at Fox Chase Auto Body,4.7,86,,Auto body shop,7931 Oxford Ave,40.0754242,-75.0841851,Closes soon,5 PMOpens 8:30 AM Thu,,2024-03-06 15:42:58,(215) 745-8428,,https://www.google.com/maps/place/Twins+at+Fox+Chase+Auto+Body/data=!4m7!3m6!1s0x89c6b149e104913f:0x2079698c8a5c917!8m2!3d40.0754242!4d-75.0841851!16s%2Fg%2F113h5x0z8!19sChIJP5EE4UmxxokRF8mlyJiWBwI?authuser=0&hl=en&rclk=1
Auto body shop philladelphia,J D's Auto Body & Painting,4.1,198,,Auto body shop,6300 Wayne Ave,40.036578,-75.1875289,Closes soon,5 PMOpens 8:30 AM Thu,http://www.jdsautobodyandpaintinginc.com/,2024-03-06 15:42:59,(215) 848-5949," 
""Very Professional & the best in the Business Philadelphia ...""",https://www.google.com/maps/place/J+D%27s+Auto+Body+%26+Painting/data=!4m7!3m6!1s0x89c6b84e6910a075:0x52c47b96b8a7b94d!8m2!3d40.036578!4d-75.1875289!16s%2Fg%2F1tflyvm6!19sChIJdaAQaU64xokRTbmnuJZ7xFI?authuser=0&hl=en&rclk=1
Auto body shop philladelphia,Hammer Collision,4.1,68,,Auto body shop,5025 Torresdale Ave,40.0123609,-75.0722883,Closes soon,5 PMOpens 9 AM Thu,,2024-03-06 15:43:01,(215) 533-8875,,https://www.google.com/maps/place/Hammer+Collision/data=!4m7!3m6!1s0x89c6b67203bd67d7:0x62172aa867343221!8m2!3d40.0123609!4d-75.0722883!16s%2Fg%2F1tfpw6s4!19sChIJ12e9A3K2xokRITI0Z6gqF2I?authuser=0&hl=en&rclk=1
Auto body shop philladelphia,Maaco Auto Body Shop & Painting,4.5,138,,Auto body shop,5091 Umbria St R,40.0372663,-75.2378574,Closes soon,5 PMOpens 8 AM Thu,https://www.maaco.com/locations/pa/philadelphia-12606/?source=google,2024-03-06 15:43:02,(215) 987-3182,,https://www.google.com/maps/place/Maaco+Auto+Body+Shop+%26+Painting/data=!4m7!3m6!1s0x89c6b8cfbce3cb01:0xd9e53126ff00b7f2!8m2!3d40.0372663!4d-75.2378574!16s%2Fg%2F1tjprg1q!19sChIJAcvjvM-4xokR8rcA_yYx5dk?authuser=0&hl=en&rclk=1
Auto body shop philladelphia,Car Care Auto Body,4.3,3,,Auto body shop,1619 McKean St,39.9262657,-75.1735521,Closes soon,5 PMOpens 8 AM Thu,,2024-03-06 15:43:03,(267) 571-1680,,https://www.google.com/maps/place/Car+Care+Auto+Body/data=!4m7!3m6!1s0x89c6c60c6ca55555:0x12064e8aa4a32c08!8m2!3d39.9262657!4d-75.1735521!16s%2Fg%2F11hct__hd4!19sChIJVVWlbAzGxokRCCyjpIpOBhI?authuser=0&hl=en&rclk=1
Auto body shop philladelphia,Auto Body Philadelphia,3.7,3,,Auto body shop,"8305 Torresdale Avenue Suite C ""Rear Shop:, 8305 Torresdale Ave",40.0390347,-75.0172807,Open 24 hours,,http://www.autobodyphiladelphia.com/,2024-03-06 15:43:04,(267) 332-5788,,https://www.google.com/maps/place/Auto+Body+Philadelphia/data=!4m7!3m6!1s0x89c6b5155ede3f0f:0x69fbd1cb14889995!8m2!3d40.0390347!4d-75.0172807!16s%2Fg%2F11mvsm3m_j!19sChIJDz_eXhW1xokRlZmIFMvR-2k?authuser=0&hl=en&rclk=1
Auto body shop philladelphia,Auto Body At Southwest Inc,4.3,61,,Auto body shop,919 S 53rd St,39.9458778,-75.2276187,Closes soon,5 PMOpens 9 AM Thu,https://auto-body-at-southwest.business.site/,2024-03-06 15:43:06,(215) 476-6888,,https://www.google.com/maps/place/Auto+Body+At+Southwest+Inc/data=!4m7!3m6!1s0x89c6c6bf0bd5583d:0xc8f285feda66d648!8m2!3d39.9458778!4d-75.2276187!16s%2Fg%2F1tdch9zt!19sChIJPVjVC7_GxokRSNZm2v6F8sg?authuser=0&hl=en&rclk=1
Auto body shop philladelphia,Papa Auto Body,4.9,36,,Auto body shop,2519 Moore St,39.9306619,-75.1876895,Closed,Opens 8 AM Thu,,2024-03-06 15:43:07,(215) 465-0100," 
""Great Work Great People Best shop in Philly My jeep looks brand ...""",https://www.google.com/maps/place/Papa+Auto+Body/data=!4m7!3m6!1s0x89c6c67042fc2631:0xdf62e84cd56c59a!8m2!3d39.9306619!4d-75.1876895!16s%2Fg%2F12634xyhw!19sChIJMSb8QnDGxokRmsVWzYQu9g0?authuser=0&hl=en&rclk=1
Auto body shop philladelphia,Advantage Auto Body,5.0,22,,Auto body shop,9851 Northeast Ave,40.1001401,-75.0274189,Open,Closes 7 PM,,2024-03-06 15:43:08,(215) 969-3800,,https://www.google.com/maps/place/Advantage+Auto+Body/data=!4m7!3m6!1s0x89c6b3b292a3bdf5:0x9d24c6497b5cf685!8m2!3d40.1001401!4d-75.0274189!16s%2Fg%2F1tfs20bd!19sChIJ9b2jkrKzxokRhfZce0nGJJ0?authuser=0&hl=en&rclk=1
Auto body shop philladelphia,SAM AUTO CENTER 2(BODY WORK),4.6,13,,Auto body shop,221 E Venango St,40.0042149,-75.1245025,Open,Closes 6 PM,https://sites.google.com/samautocenter.com/www-samautocenter-com/221EVENANGO?,2024-03-06 15:43:09,(267) 992-4481,,https://www.google.com/maps/place/SAM+AUTO+CENTER+2%28BODY+WORK%29/data=!4m7!3m6!1s0x89c6b7059d638723:0xdf2cf267445ebeb5!8m2!3d40.0042149!4d-75.1245025!16s%2Fg%2F11f611908v!19sChIJI4djnQW3xokRtb5eRGfyLN8?authuser=0&hl=en&rclk=1
Auto body shop philladelphia,Auto Services Collision Inc,4.6,45,,Auto body shop,2020 S Bancroft St,39.9255674,-75.173591,Closes soon,5 PMOpens 8:30 AM Thu,,2024-03-06 15:43:11,(215) 551-7474,,https://www.google.com/maps/place/Auto+Services+Collision+Inc/data=!4m7!3m6!1s0x89c6c60c74c22675:0x14142db8d21cfdaa!8m2!3d39.9255674!4d-75.173591!16s%2Fg%2F1tgmx74j!19sChIJdSbCdAzGxokRqv0c0rgtFBQ?authuser=0&hl=en&rclk=1
Auto body shop philladelphia,One Stop Auto Body Inc,3.5,47,,Auto body shop,1445 N 62nd St,39.9735794,-75.2427559,Closes soon,5 PMOpens 8 AM Thu,,2024-03-06 15:43:12,(215) 474-5662,,https://www.google.com/maps/place/One+Stop+Auto+Body+Inc/data=!4m7!3m6!1s0x89c6c72be9760d4b:0xd0d30bbb4ac18096!8m2!3d39.9735794!4d-75.2427559!16s%2Fg%2F1tf5r5l0!19sChIJSw126SvHxokRloDBSrsL09A?authuser=0&hl=en&rclk=1
Auto body shop philladelphia,Freddie's Auto Body,4.5,15,,Auto body shop,2954 E Venango St Suite 7,39.98487,-75.0900407,Closes soon,5 PMOpens 8:30 AM Thu,http://www.freddiesautobody.com/,2024-03-06 15:43:13,(215) 537-1131," 
""2954 E Venango St Suite 7, Philadelphia, PA 19134. Go around the ...""",https://www.google.com/maps/place/Freddie%27s+Auto+Body/data=!4m7!3m6!1s0x89c6b6287b2c828d:0x8b7e47189b541c79!8m2!3d39.98487!4d-75.0900407!16s%2Fg%2F1vyk3g5r!19sChIJjYIseyi2xokReRxUmxhHfos?authuser=0&hl=en&rclk=1
Auto body shop philladelphia,Body Central Collision,4.3,28,,Auto body shop,6115 Lancaster Ave,39.9837982,-75.2437445,Open,Closes 6 PM,https://www.bodycentralcollision.com/,2024-03-06 15:43:14,(215) 883-0116,,https://www.google.com/maps/place/Body+Central+Collision/data=!4m7!3m6!1s0x89c6c733947881fb:0x2d039cfc679da8e5!8m2!3d39.9837982!4d-75.2437445!16s%2Fg%2F11dfxjy00j!19sChIJ-4F4lDPHxokR5aidZ_ycAy0?authuser=0&hl=en&rclk=1
Auto body shop philladelphia,Definis Auto Body,4.9,39,,Auto body shop,8305 Torresdale Ave,40.0391215,-75.0173518,Closes soon,5:30 PMOpens 8 AM Thu,http://www.definisstateautobody.com/,2024-03-06 15:43:16,(215) 624-9309," 
""The best shop in Northeast Philadelphia would highly recommend..""",https://www.google.com/maps/place/Definis+Auto+Body/data=!4m7!3m6!1s0x89c6b45e4ac4cb2d:0x653cab90771dc0fc!8m2!3d40.0391215!4d-75.0173518!16s%2Fg%2F1tlwglm0!19sChIJLcvESl60xokR_MAdd5CrPGU?authuser=0&hl=en&rclk=1
Auto body shop philladelphia,East Coast Collision Center,4.6,16,,Auto body shop,2086 Haines St,40.0571733,-75.1556453,Closes soon,5 PMOpens 9 AM Thu,,2024-03-06 15:43:17,(215) 927-2212,,https://www.google.com/maps/place/East+Coast+Collision+Center/data=!4m7!3m6!1s0x89c6b9df9144dd5f:0xfbe9d7e530245ef6!8m2!3d40.0571733!4d-75.1556453!16s%2Fg%2F1ttphvmv!19sChIJX91Ekd-5xokR9l4kMOXX6fs?authuser=0&hl=en&rclk=1
Auto body shop philladelphia,New Seoul Auto Repair & Collision 서울 오토 바디,4.4,15,,Auto body shop,5311 N 6th St,40.032736,-75.1331537,Open,Closes 6 PM,,2024-03-06 15:43:18,(215) 457-4949,,https://www.google.com/maps/place/New+Seoul+Auto+Repair+%26+Collision+%EC%84%9C%EC%9A%B8+%EC%98%A4%ED%86%A0+%EB%B0%94%EB%94%94/data=!4m7!3m6!1s0x89c6b79f04a51d1b:0x1ca0bfeb605bf2e1!8m2!3d40.032736!4d-75.1331537!16s%2Fg%2F1tdz5sdr!19sChIJGx2lBJ-3xokR4fJbYOu_oBw?authuser=0&hl=en&rclk=1
Auto body shop philladelphia,Philly Finish,4.1,22,,Auto body shop,420 N 53rd St,39.967227,-75.22665,Open,Closes 6:30 PM,,2024-03-06 15:43:19,(267) 581-7027,,https://www.google.com/maps/place/Philly+Finish/data=!4m7!3m6!1s0x89c6c6df87218f4b:0x9e8051a04ef2d9d1!8m2!3d39.967227!4d-75.22665!16s%2Fg%2F1tgqkcnw!19sChIJS48hh9_GxokR0dnyTqBRgJ4?authuser=0&hl=en&rclk=1
Auto body shop philladelphia,A Park Auto Body,4.6,86,,Auto body shop,6940 Norwitch Dr,39.9085389,-75.2260833,Closes soon,5 PMOpens 9 AM Thu,http://aparkautobody.com/?utm_source=gmb&utm_medium=referral,2024-03-06 15:43:22,(215) 365-4600," 
""I always recommend them for any friends and family in the Philly ...""",https://www.google.com/maps/place/A+Park+Auto+Body/data=!4m7!3m6!1s0x89c6c41510c6338d:0x7b56126e41a59012!8m2!3d39.9085389!4d-75.2260833!16s%2Fg%2F1w2yvvlj!19sChIJjTPGEBXExokREpClQW4SVns?authuser=0&hl=en&rclk=1
Auto body shop philladelphia,jj auto body works,4.4,24,,Auto body shop,2725 E Butler St,39.9915924,-75.0879592,Closes soon,5 PMOpens 7 AM Thu,,2024-03-06 15:43:23,(267) 688-4004,,https://www.google.com/maps/place/jj+auto+body+works/data=!4m7!3m6!1s0x89c6b78586e71bc1:0xecbaa0e810e80a9d!8m2!3d39.9915924!4d-75.0879592!16s%2Fg%2F11h6cv_c9v!19sChIJwRvnhoW3xokRnQroEOiguuw?authuser=0&hl=en&rclk=1
Auto body shop philladelphia,Lei's Auto & Collision Services Center,3.9,88,,Auto body shop,4527 Lancaster Ave,39.9701503,-75.2133643,Open,Closes 6 PM,http://www.leisauto.com/,2024-03-06 15:43:24,(215) 386-5565,,https://www.google.com/maps/place/Lei%27s+Auto+%26+Collision+Services+Center/data=!4m7!3m6!1s0x89c6c6f99b3c89e9:0xb9c9c6dcf2af256c!8m2!3d39.9701503!4d-75.2133643!16s%2Fg%2F1tfyfjhb!19sChIJ6Yk8m_nGxokRbCWv8tzGybk?authuser=0&hl=en&rclk=1
Auto body shop philladelphia,Joe Long's East Falls Auto,4.5,54,,Auto body shop,3520 Indian Queen Ln,40.0099553,-75.1887744,Closes soon,5 PMOpens 9 AM Thu,,2024-03-06 15:43:25,(215) 843-4796,,https://www.google.com/maps/place/Joe+Long%27s+East+Falls+Auto/data=!4m7!3m6!1s0x89c6b8708761424f:0x250301fc5fac9e7a!8m2!3d40.0099553!4d-75.1887744!16s%2Fg%2F1tmqs9y8!19sChIJT0Jhh3C4xokRep6sX_wBAyU?authuser=0&hl=en&rclk=1
Auto body shop philladelphia,Skyline Auto Collision,4.1,61,,Auto body shop,5613 Tulip St,40.0133553,-75.0631398,Closes soon,5 PMOpens 8 AM Thu,http://skylineautocollision.com/philly/contact-us/,2024-03-06 15:43:27,(215) 744-5707," 
""... The best body shop and the Philadelphia area!""",https://www.google.com/maps/place/Skyline+Auto+Collision/data=!4m7!3m6!1s0x89c6b66d5a15f47d:0x3aeb9a5b54999643!8m2!3d40.0133553!4d-75.0631398!16s%2Fg%2F1263wt16h!19sChIJffQVWm22xokRQ5aZVFua6zo?authuser=0&hl=en&rclk=1
Auto body shop philladelphia,Val's Auto Body,4.5,48,,Auto body shop,2173 Bennett Rd,40.1063054,-75.0063776,Closes soon,5 PMOpens 9 AM Thu,http://valsautobody.com/,2024-03-06 15:43:28,(215) 969-3305,,https://www.google.com/maps/place/Val%27s+Auto+Body/data=!4m7!3m6!1s0x89c6b2fbb0b693d9:0xd89302e5475ae2d0!8m2!3d40.1063054!4d-75.0063776!16s%2Fg%2F1tqg18tz!19sChIJ2ZO2sPuyxokR0OJaR-UCk9g?authuser=0&hl=en&rclk=1
Auto body shop philladelphia,What You Need Inc,4.8,52,,Auto body shop,5719 Walnut St,39.9585099,-75.2362549,Open,Closes 8 PM,,2024-03-06 15:43:29,(215) 474-3216,,https://www.google.com/maps/place/What+You+Need+Inc/data=!4m7!3m6!1s0x89c6c6c5556081ad:0x3d669e643671f942!8m2!3d39.9585099!4d-75.2362549!16s%2Fg%2F1tgnsm7v!19sChIJrYFgVcXGxokRQvlxNmSeZj0?authuser=0&hl=en&rclk=1
Auto body shop philladelphia,Perry Collision LLC,3.8,13,,Auto body shop,2426 W York St,39.991346,-75.1725598,Closes soon,5 PMOpens 9:30 AM Thu,https://perry-collision-llc.business.site/,2024-03-06 15:43:30,(215) 226-0248,,https://www.google.com/maps/place/Perry+Collision+LLC/data=!4m7!3m6!1s0x89c6c7f21b077235:0x78fec9de5e5d1939!8m2!3d39.991346!4d-75.1725598!16s%2Fg%2F11f5435xjp!19sChIJNXIHG_LHxokRORldXt7J_ng?authuser=0&hl=en&rclk=1
Auto body shop philladelphia,Rocco's Collision Center - NorthEast,4.7,149,,Auto body shop,601 Red Lion Rd,40.1072367,-75.0381222,Closes soon,5:30 PMOpens 7:30 AM Thu,http://www.roccoscollision.com/,2024-03-06 15:43:32,(215) 677-7773,,https://www.google.com/maps/place/Rocco%27s+Collision+Center+-+NorthEast/data=!4m7!3m6!1s0x89c6b3370cab7b6d:0xab2dc09f682ec120!8m2!3d40.1072367!4d-75.0381222!16s%2Fg%2F11h_445lm5!19sChIJbXurDDezxokRIMEuaJ_ALas?authuser=0&hl=en&rclk=1
Auto body shop philladelphia,All About You Autobody And Collision Repair,5.0,20,,Auto body shop,937 E Chelten Ave,40.0481253,-75.1627075,Closed,Opens 8:30 AM Thu,,2024-03-06 15:43:33,(215) 438-6048,,https://www.google.com/maps/place/All+About+You+Autobody+And+Collision+Repair/data=!4m7!3m6!1s0x89c6b9844a4145c7:0x3798872451397034!8m2!3d40.0481253!4d-75.1627075!16s%2Fg%2F11rsvbystz!19sChIJx0VBSoS5xokRNHA5USSHmDc?authuser=0&hl=en&rclk=1
Auto body shop philladelphia,Maaco Auto Body Shop & Painting,4.2,173,,Auto body shop,9909A Bustleton Ave,40.0970443,-75.0299177,Closes soon,5:30 PMOpens 8:30 AM Thu,https://www.maaco.com/locations/pa/philadelphia-12190/?source=google,2024-03-06 15:43:34,(267) 388-1685," 
""... Philadelphia always fair and always honest""",https://www.google.com/maps/place/Maaco+Auto+Body+Shop+%26+Painting/data=!4m7!3m6!1s0x89c6b3b17c6a0ba5:0xe6315870f9adcd2f!8m2!3d40.0970443!4d-75.0299177!16s%2Fg%2F1tdym4th!19sChIJpQtqfLGzxokRL82t-XBYMeY?authuser=0&hl=en&rclk=1
Auto body shop philladelphia,All-Rite Collision,4.0,59,,Auto body shop,8 1/2 E Oregon Ave,39.9134306,-75.1466224,Closes soon,5 PMOpens 8 AM Thu,http://www.allritecollision.com/,2024-03-06 15:43:35,(215) 800-1623,,https://www.google.com/maps/place/All-Rite+Collision/data=!4m7!3m6!1s0x89c6cf4df88409bf:0xe517aadc22a23512!8m2!3d39.9134306!4d-75.1466224!16s%2Fg%2F1q5bm95mn!19sChIJvwmE-E3PxokREjWiItyqF-U?authuser=0&hl=en&rclk=1
Auto body shop philladelphia,Body Magic Auto Body,4.7,18,,Auto body shop,"Behind car wash, 9428 State Rd.",40.0492787,-74.9903638,Closes soon,5 PMOpens 9 AM Thu,,2024-03-06 15:43:37,(215) 338-0818,,https://www.google.com/maps/place/Body+Magic+Auto+Body/data=!4m7!3m6!1s0x89c6b4f5f44a38e3:0xaa1804be917aab85!8m2!3d40.0492787!4d-74.9903638!16s%2Fg%2F1w347kpr!19sChIJ4zhK9PW0xokRhat6kb4EGKo?authuser=0&hl=en&rclk=1
Auto body shop philladelphia,Gragilla's Auto Body,5.0,8,,Auto body shop,6121 Tulip St,40.0166906,-75.0550042,Open,Closes 6 PM,http://www.gragillasautobody.com/,2024-03-06 15:43:38,(215) 332-0345,,https://www.google.com/maps/place/Gragilla%27s+Auto+Body/data=!4m7!3m6!1s0x89c6b5d0cba5845d:0x2a12e2ebb07a35c1!8m2!3d40.0166906!4d-75.0550042!16s%2Fg%2F1tf03fhk!19sChIJXYSly9C1xokRwTV6sOviEio?authuser=0&hl=en&rclk=1
Auto body shop philladelphia,LaTorre LLC,4.2,49,,Auto body shop,2837 N American St,39.9942452,-75.1353614,Closes soon,5 PMOpens 9 AM Thu,,2024-03-06 15:43:39,(215) 681-8737,,https://www.google.com/maps/place/LaTorre+LLC/data=!4m7!3m6!1s0x89c6b7e82bb8ffaf:0x74836238e7648dc!8m2!3d39.9942452!4d-75.1353614!16s%2Fg%2F1td1fcbz!19sChIJr_-4K-i3xokR3Eh2jiM2SAc?authuser=0&hl=en&rclk=1
Auto body shop philladelphia,Earl Scheib Paint & Body,4.2,58,,Auto body shop,5817 N Broad St,40.0420681,-75.1437282,Closes soon,5 PMOpens 8 AM Thu,http://earlscheibpa.com/,2024-03-06 15:43:41,(215) 927-2255," 
""The quote I received from Earl Scheib Philadelphia was a third of ...""",https://www.google.com/maps/place/Earl+Scheib+Paint+%26+Body/data=!4m7!3m6!1s0x89c6b779f5b38d6f:0x8dca1de90a6068a9!8m2!3d40.0420681!4d-75.1437282!16s%2Fg%2F1tfts0ys!19sChIJb42z9Xm3xokRqWhgCukdyo0?authuser=0&hl=en&rclk=1
Auto body shop philladelphia,N Autobody and Repair,3.0,10,,Auto body shop,2011 Larry St,39.9231704,-75.2427469,Closes soon,5:30 PMOpens 9:30 AM Thu,,2024-03-06 15:43:42,(215) 796-9526,,https://www.google.com/maps/place/N+Autobody+and+Repair/data=!4m7!3m6!1s0x89c6c5b4d3342271:0xb1c8214db292a49a!8m2!3d39.9231704!4d-75.2427469!16s%2Fg%2F11h6404kyx!19sChIJcSI007TFxokRmqSSsk0hyLE?authuser=0&hl=en&rclk=1
Auto body shop philladelphia,Rocky's Collision Inc,4.1,14,,Auto body shop,1725 S 25th St,39.9305853,-75.1867181,Open,Closes 6 PM,,2024-03-06 15:43:43,(215) 339-5101,,https://www.google.com/maps/place/Rocky%27s+Collision+Inc/data=!4m7!3m6!1s0x89c6c6704b52e4cf:0x56e21510310b8bff!8m2!3d39.9305853!4d-75.1867181!16s%2Fg%2F11dxh_6q1m!19sChIJz-RSS3DGxokR_4sLMRAV4lY?authuser=0&hl=en&rclk=1
Auto body shop philladelphia,Perez Auto Body Shop,4.3,6,,Auto repair shop,709 W Dauphin St,39.986711,-75.1458276,Open,Closes 6 PM,,2024-03-06 15:43:45,(215) 765-5220,,https://www.google.com/maps/place/Perez+Auto+Body+Shop/data=!4m7!3m6!1s0x89c6c80f78a05b53:0x7a00c8cffc72d81c!8m2!3d39.986711!4d-75.1458276!16s%2Fg%2F1td7_11q!19sChIJU1ugeA_IxokRHNhy_M_IAHo?authuser=0&hl=en&rclk=1
Auto body shop philladelphia,Pacifico Auto Body Shop,3.1,85,,Auto body shop,6751 Norwitch Dr,39.9122436,-75.2252909,Closes soon,5 PMOpens 8 AM Thu,https://www.pacificocars.com/,2024-03-06 15:43:46,(215) 492-5695,,https://www.google.com/maps/place/Pacifico+Auto+Body+Shop/data=!4m7!3m6!1s0x89c6c41617505e63:0xc787ec442e4f81e8!8m2!3d39.9122436!4d-75.2252909!16s%2Fg%2F1tp0fmjd!19sChIJY15QFxbExokR6IFPLkTsh8c?authuser=0&hl=en&rclk=1
Auto body shop philladelphia,Anastasia's Auto Body,4.9,37,,Auto body shop,8342 State Rd. #15,40.035562,-75.0162575,Closed,Opens 8 AM Thu,,2024-03-06 15:43:49,(215) 338-2495," 
""One of the best body shops in the tri-state area!!""",https://www.google.com/maps/place/Anastasia%27s+Auto+Body/data=!4m7!3m6!1s0x89c6b458b24615e5:0xc8be3b51805392ce!8m2!3d40.035562!4d-75.0162575!16s%2Fg%2F1tmy5_q_!19sChIJ5RVGsli0xokRzpJTgFE7vsg?authuser=0&hl=en&rclk=1
Auto body shop philladelphia,LJ Auto Body & Repair Center,No reviews,,,Auto body shop,1907 N 2nd St,39.9793783,-75.1371648,Closes soon,5 PMOpens 9 AM Thu,,2024-03-06 15:43:50,(215) 426-1825,,https://www.google.com/maps/place/LJ+Auto+Body+%26+Repair+Center/data=!4m7!3m6!1s0x89c6c9f0ac2865ed:0xd3920caf922e68f5!8m2!3d39.9793783!4d-75.1371648!16s%2Fg%2F11vb1h2yr0!19sChIJ7WUorPDJxokR9Wgukq8MktM?authuser=0&hl=en&rclk=1
Auto body shop philladelphia,mobile auto body Over 80% Off All Body Shop Prices,4.3,16,,Auto body shop,9880 Roosevelt Blvd,40.0931775,-75.0195857,Open,Closes 8 PM,https://www.facebook.com/marketplace/item/141657511501707/,2024-03-06 15:43:51,(215) 602-9916,,https://www.google.com/maps/place/mobile+auto+body+Over+80%25+Off+All+Body+Shop+Prices/data=!4m7!3m6!1s0x89c6b333e3990097:0xde40ff58ff98032e!8m2!3d40.0931775!4d-75.0195857!16s%2Fg%2F11ptzkr5rt!19sChIJlwCZ4zOzxokRLgOY_1j_QN4?authuser=0&hl=en&rclk=1
Auto body shop philladelphia,Collision Craft Inc.,4.4,29,,Auto repair shop,1930 S 20th St,39.927356,-75.1792236,Closes soon,5 PMOpens 9 AM Thu,,2024-03-06 15:43:52,(215) 462-5825,,https://www.google.com/maps/place/Collision+Craft+Inc./data=!4m7!3m6!1s0x89c6c673390fb343:0xd818114e5afc6809!8m2!3d39.927356!4d-75.1792236!16s%2Fg%2F1v1kqtrh!19sChIJQ7MPOXPGxokRCWj8Wk4RGNg?authuser=0&hl=en&rclk=1
Auto body shop philladelphia,Mh Auto Body,5.0,22,,Auto body shop,2300 E Ontario St,39.991932,-75.1026476,Closes soon,5 PMOpens 9 AM Thu,,2024-03-06 15:43:54,(215) 427-3319," 
""You will not find a better shop anywhere.""",https://www.google.com/maps/place/Mh+Auto+Body/data=!4m7!3m6!1s0x89c6b62a092a62fb:0xe50420cba25b503a!8m2!3d39.991932!4d-75.1026476!16s%2Fg%2F1tgdphyr!19sChIJ-2IqCSq2xokROlBbossgBOU?authuser=0&hl=en&rclk=1
Auto body shop philladelphia,Getitdonehere Auto body,2.5,4,,Auto body shop,5418 Paschall Ave,39.9350156,-75.2181559,Open,Closes 5 AM Thu,,2024-03-06 15:43:55,(302) 605-5695,,https://www.google.com/maps/place/Getitdonehere+Auto+body/data=!4m7!3m6!1s0x89c6c7a5dd3778bb:0x7bec76102da60830!8m2!3d39.9350156!4d-75.2181559!16s%2Fg%2F11h2qwm_sl!19sChIJu3g33aXHxokRMAimLRB27Hs?authuser=0&hl=en&rclk=1
Auto body shop philladelphia,"1 USA COLLISION CARE, LLC",4.4,23,,Auto body shop,"2350 McKean St = Front 1931 Point Breeze Ave = Rear, 1931 Point Breeze Ave",39.9279923,-75.185048,Closed,Opens 8:30 AM Thu,https://www.usaautobody.net/,2024-03-06 15:43:56,(215) 551-5588," 
""They have great service, I just moved to Philly and my Audi got hit ...""","https://www.google.com/maps/place/1+USA+COLLISION+CARE,+LLC/data=!4m7!3m6!1s0x89c6c67146e4b92b:0xf7cc389b38e47f32!8m2!3d39.9279923!4d-75.185048!16s%2Fg%2F1261xyyql!19sChIJK7nkRnHGxokRMn_kOJs4zPc?authuser=0&hl=en&rclk=1"
Auto body shop philladelphia,The Body Shop,4.0,5,,Auto body shop,2021 Cemetery Ave,39.9290194,-75.2345264,Open,Closes 9 PM,,2024-03-06 15:43:57,,,https://www.google.com/maps/place/The+Body+Shop/data=!4m7!3m6!1s0x89c6c6a78da3c4db:0xe109f7c6017d9c78!8m2!3d39.9290194!4d-75.2345264!16s%2Fg%2F1tdg8rvl!19sChIJ28SjjafGxokReJx9Acb3CeE?authuser=0&hl=en&rclk=1
Auto body shop philladelphia,Reds & Son,4.2,110,,Auto body shop,338 N 13th St,39.9590528,-75.1600618,Open,Closes 6 PM,http://www.redsandson.com/,2024-03-06 15:43:59,(215) 627-6362," 
""I truly believe that this is the best car service in Philadelphia.""",https://www.google.com/maps/place/Reds+%26+Son/data=!4m7!3m6!1s0x89c6c7d4abf08b73:0x3212e6f3aadec65!8m2!3d39.9590528!4d-75.1600618!16s%2Fg%2F1tdfjn4d!19sChIJc4vwq9THxokRZeytOm8uIQM?authuser=0&hl=en&rclk=1
Auto body shop philladelphia,Files Auto Body - Collision Accident Repair & Auto Body Shop,4.7,15,,Auto body shop,10480 Rd 365,32.7168504,-89.1948221,Open,Closes 5 PM,,2024-03-06 15:44:00,(601) 656-3721," 
""This is the absolute best body shop to go to.""",https://www.google.com/maps/place/Files+Auto+Body+-+Collision+Accident+Repair+%26+Auto+Body+Shop/data=!4m7!3m6!1s0x8883b898c93961c9:0xdcee7cbadcfcd5df!8m2!3d32.7168504!4d-89.1948221!16s%2Fg%2F1td7cxts!19sChIJyWE5yZi4g4gR39X83Lp87tw?authuser=0&hl=en&rclk=1
Auto body shop philladelphia,Devlin Collision Center,4.4,13,,Auto body shop,817 Aramingo Ave,39.9732003,-75.1235583,,,,2024-03-06 15:44:01,,,https://www.google.com/maps/place/Devlin+Collision+Center/data=!4m7!3m6!1s0x89c6c8476c6c1303:0xb2812aa32d89fd44!8m2!3d39.9732003!4d-75.1235583!16s%2Fg%2F1tgdpj19!19sChIJAxNsbEfIxokRRP2JLaMqgbI?authuser=0&hl=en&rclk=1
Auto body shop philladelphia,Universal Auto Repair inc.,4.9,679,,Auto body shop,447 Rhawn St,40.0770804,-75.0827936,Open,Closes 6 PM,http://universalautorepairphili.com/,2024-03-06 15:44:03,(215) 722-2322," 
""Great shop excellent work, fast!!!!""",https://www.google.com/maps/place/Universal+Auto+Repair+inc./data=!4m7!3m6!1s0x89c6b14849795369:0x7356337466294ce6!8m2!3d40.0770804!4d-75.0827936!16s%2Fg%2F1tjprg0q!19sChIJaVN5SUixxokR5kwpZnQzVnM?authuser=0&hl=en&rclk=1
Auto body shop philladelphia,Nick's Auto Body,4.4,7,,Auto body shop,2129 N Marshall St,39.9839247,-75.1447194,,,http://www.nicksautosales.com/,2024-03-06 15:44:04,,,https://www.google.com/maps/place/Nick%27s+Auto+Body/data=!4m7!3m6!1s0x89c6c80e4f235fb3:0x55553d263cd831d2!8m2!3d39.9839247!4d-75.1447194!16s%2Fg%2F1td_j6cw!19sChIJs18jTw7IxokR0jHYPCY9VVU?authuser=0&hl=en&rclk=1
Auto body shop philladelphia,Bob's Auto Body,No reviews,,,Auto body shop,7994 Rockwell Ave,40.0747525,-75.0828935,Closed,Opens 8 AM Thu,,2024-03-06 15:44:05,(215) 742-8070,,https://www.google.com/maps/place/Bob%27s+Auto+Body/data=!4m7!3m6!1s0x89c6b14992df3fbf:0xfbfa19cb4ce16b24!8m2!3d40.0747525!4d-75.0828935!16s%2Fg%2F1tf76gkk!19sChIJvz_fkkmxxokRJGvhTMsZ-vs?authuser=0&hl=en&rclk=1
Auto body shop philladelphia,New finish auto body,4.8,57,,Auto painting,,40.002498,-75.1180283,Closes soon,5 PMOpens 9 AM Thu,https://newfinishmobileautobody.com/?utm_campaign=gmb,2024-03-06 15:44:07,(215) 881-3971," 
""Prices beat any outrageous auto body shops.""",https://www.google.com/maps/place/New+finish+auto+body/data=!4m7!3m6!1s0x89c6b7a9937a9ccb:0x95096eaee533ac55!8m2!3d40.002498!4d-75.1180283!16s%2Fg%2F11j9731gc8!19sChIJy5x6k6m3xokRVawz5a5uCZU?authuser=0&hl=en&rclk=1
Auto body shop philladelphia,Superior Auto Care,4.8,66,,Auto repair shop,900 S 2nd St,39.9354114,-75.1470858,Closes soon,5 PMOpens 7:30 AM Thu,,2024-03-06 15:44:08,(215) 271-1439," 
""Wonderful people, wonderful shop!""",https://www.google.com/maps/place/Superior+Auto+Care/data=!4m7!3m6!1s0x89c6c8a2475206cd:0x4233d535fbc13499!8m2!3d39.9354114!4d-75.1470858!16s%2Fg%2F1tfrc41d!19sChIJzQZSR6LIxokRmTTB-zXVM0I?authuser=0&hl=en&rclk=1
Auto body shop philladelphia,CK Auto Image Repairs LLC,4.8,200,,Auto repair shop,718 Washington Ave,39.9356156,-75.156176,Open,Closes 6 PM,http://ckautoimage.com/,2024-03-06 15:44:09,(215) 627-2258," 
""Best shop in the city""",https://www.google.com/maps/place/CK+Auto+Image+Repairs+LLC/data=!4m7!3m6!1s0x89c6c61fb64a88e7:0xaab9c5c3d76be23!8m2!3d39.9356156!4d-75.156176!16s%2Fg%2F1tj6vshx!19sChIJ54hKth_GxokRI752PVycqwo?authuser=0&hl=en&rclk=1
Auto body shop philladelphia,Phil's Excellent Auto Service Inc,4.8,235,,Auto body shop,1841 S 24th St,39.9291468,-75.1853678,Open,Closes 6 PM,http://www.philsexcellent.com/,2024-03-06 15:44:11,(215) 334-7445," 
""The best auto shop in the city.""",https://www.google.com/maps/place/Phil%27s+Excellent+Auto+Service+Inc/data=!4m7!3m6!1s0x89c6c6710b8b27db:0x344a754068cb6640!8m2!3d39.9291468!4d-75.1853678!16s%2Fg%2F1tfrn93c!19sChIJ2yeLC3HGxokRQGbLaEB1SjQ?authuser=0&hl=en&rclk=1
Auto body shop philladelphia,Foreign Fix Auto Center Inc,4.8,144,,Auto repair shop,822 Reed St,39.9315812,-75.1589004,Closed,Opens 7 AM Thu,https://www.facebook.com/Foreign-Fix-Auto-Center-140122042683245/,2024-03-06 15:44:13,(215) 755-6880," 
""Best shop in Philly!!!""",https://www.google.com/maps/place/Foreign+Fix+Auto+Center+Inc/data=!4m7!3m6!1s0x89c6c61c42d1d23d:0xa8c2053a2619c045!8m2!3d39.9315812!4d-75.1589004!16s%2Fg%2F1tdlcp68!19sChIJPdLRQhzGxokRRcAZJjoFwqg?authuser=0&hl=en&rclk=1
Auto body shop philladelphia,Jacquez Collision,4.3,3,,Auto body shop,1911 N 2nd St,39.9795146,-75.1372677,,,,2024-03-06 15:44:14,,,https://www.google.com/maps/place/Jacquez+Collision/data=!4m7!3m6!1s0x89c6c8138b9cf607:0x678a0f6db6e7ed22!8m2!3d39.9795146!4d-75.1372677!16s%2Fg%2F1tmpwyfg!19sChIJB_acixPIxokRIu3ntm0Pimc?authuser=0&hl=en&rclk=1
Auto body shop philladelphia,Don's Auto Repair,4.8,390,,Auto repair shop,1132 E Passyunk Ave,39.9348758,-75.1575692,Open,Closes 6 PM,,2024-03-06 15:44:15,(215) 339-8033," 
""Being in the shop, you can feel the sense of community.""",https://www.google.com/maps/place/Don%27s+Auto+Repair/data=!4m7!3m6!1s0x89c6c61ef5ea56b7:0x21ea24499ee00866!8m2!3d39.9348758!4d-75.1575692!16s%2Fg%2F1v8x34b3!19sChIJt1bq9R7GxokRZgjgnkkk6iE?authuser=0&hl=en&rclk=1
Auto body shop philladelphia,Imperial Body & Fender Repair,5.0,12,,Auto body shop,2210 E Cambria St,39.9870069,-75.1155167,,,,2024-03-06 15:44:16,," 
""... Amazing Work Highly Recommended to anyone in Philly and the ...""",https://www.google.com/maps/place/Imperial+Body+%26+Fender+Repair/data=!4m7!3m6!1s0x89c6c82ec22f3859:0x7480c692f42209e0!8m2!3d39.9870069!4d-75.1155167!16s%2Fg%2F1tgpn_1_!19sChIJWTgvwi7IxokR4Aki9JLGgHQ?authuser=0&hl=en&rclk=1
Auto body shop philladelphia,Executive Auto Body,4.6,121,,Auto body shop,560 Cottman Ave,40.0680102,-75.0955782,Closes soon,5 PMOpens 7:30 AM Thu,http://www.executiveautobody.com/,2024-03-06 15:44:18,(215) 379-6600," 
BOOK ONLINE",https://www.google.com/maps/place/Executive+Auto+Body/data=!4m7!3m6!1s0x89c6b6d2822bae69:0x434cb5f79355dac3!8m2!3d40.0680102!4d-75.0955782!16s%2Fg%2F1tlnfddh!19sChIJaa4rgtK2xokRw9pVk_e1TEM?authuser=0&hl=en&rclk=1
Auto body shop philladelphia,West Side Body Shop Inc.,4.4,26,,Auto body shop,20 Waterview Ln,32.767922,-89.1314427,Open,Closes 5 PM,,2024-03-06 15:44:19,(601) 656-9461,,https://www.google.com/maps/place/West+Side+Body+Shop+Inc./data=!4m7!3m6!1s0x8883c106bbf01e1d:0xe9ccb0cc0e570121!8m2!3d32.767922!4d-89.1314427!16s%2Fg%2F1tk_q0rf!19sChIJHR7wuwbBg4gRIQFXDsywzOk?authuser=0&hl=en&rclk=1
Auto body shop philladelphia,Collision 1 Auto Repair,4.0,24,,Auto repair shop,2515 S 72nd St,39.9149108,-75.2397762,Closes soon,5 PMOpens 8 AM Thu,http://www.goole.com/,2024-03-06 15:44:20,(267) 528-4483,,https://www.google.com/maps/place/Collision+1+Auto+Repair/data=!4m7!3m6!1s0x89c6c40e8da5ba63:0xb00006c7b29673ba!8m2!3d39.9149108!4d-75.2397762!16s%2Fg%2F1twy_hrf!19sChIJY7qljQ7ExokRunOWsscGALA?authuser=0&hl=en&rclk=1
Auto body shop philladelphia,Jackson Auto Body & Repair,4.1,13,,Auto body shop,873 N 45th St,39.9687539,-75.212542,,,,2024-03-06 15:44:21,,,https://www.google.com/maps/place/Jackson+Auto+Body+%26+Repair/data=!4m7!3m6!1s0x89c6c7032d7fe65b:0x76536244362c2b88!8m2!3d39.9687539!4d-75.212542!16s%2Fg%2F1v2f1gst!19sChIJW-Z_LQPHxokRiCssNkRiU3Y?authuser=0&hl=en&rclk=1
Auto body shop philladelphia,C And C Auto Body Shop,3.8,8,,Auto body shop,2224 N 4th St,39.9848548,-75.140118,Open now,,,2024-03-06 15:44:23,,,https://www.google.com/maps/place/C+And+C+Auto+Body+Shop/data=!4m7!3m6!1s0x89c6c8105f1c2925:0x10e2ce22161295fd!8m2!3d39.9848548!4d-75.140118!16s%2Fg%2F11gd21j463!19sChIJJSkcXxDIxokR_ZUSFiLO4hA?authuser=0&hl=en&rclk=1
Auto body shop philladelphia,Classic Auto Body Ltd,4.9,60,,Auto body shop,505 Lancaster Ave,40.0159885,-75.3064306,Closes soon,5 PMOpens 8 AM Thu,http://www.classicautobody.com/,2024-03-06 15:44:24,(610) 527-3970," 
""One of the best local body shops around.""",https://www.google.com/maps/place/Classic+Auto+Body+Ltd/data=!4m7!3m6!1s0x89c6c07780f65e51:0x236d57a1d29963bb!8m2!3d40.0159885!4d-75.3064306!16s%2Fg%2F1tdmlfgg!19sChIJUV72gHfAxokRu2OZ0qFXbSM?authuser=0&hl=en&rclk=1
Auto body shop philladelphia,Fox Body Shop,4.4,25,,Auto body shop,266 W Beacon St,32.77138,-89.1186694,Open,Closes 5:30 PM,,2024-03-06 15:44:25,(601) 656-6831,,https://www.google.com/maps/place/Fox+Body+Shop/data=!4m7!3m6!1s0x8883c1ba0a1c3157:0xd25e7b7cdca7307f!8m2!3d32.77138!4d-89.1186694!16s%2Fg%2F1twy_9pg!19sChIJVzEcCrrBg4gRfzCn3Hx7XtI?authuser=0&hl=en&rclk=1
Auto body shop philladelphia,Elite Collision & Automotive Accessories,4.3,6,,Auto body shop,11108 Weyerhaeuser St,32.7650896,-89.1123257,Open,Closes 5 PM,,2024-03-06 15:44:27,(601) 656-8006,,https://www.google.com/maps/place/Elite+Collision+%26+Automotive+Accessories/data=!4m7!3m6!1s0x8883c1b488c211d3:0x891a149fe70ff809!8m2!3d32.7650896!4d-89.1123257!16s%2Fg%2F1trprkng!19sChIJ0xHCiLTBg4gRCfgP558UGok?authuser=0&hl=en&rclk=1
Auto body shop philladelphia,Chuck's Paint & Body Shop,5.0,2,,Auto body shop,11181 Co Rd 383,32.7974149,-89.1538591,Open,Closes 5 PM,,2024-03-06 15:44:28,(601) 416-3830,,https://www.google.com/maps/place/Chuck%27s+Paint+%26+Body+Shop/data=!4m7!3m6!1s0x8883c3fb7aef5627:0xd9cdce66bc67a993!8m2!3d32.7974149!4d-89.1538591!16s%2Fg%2F1hc4fvdcq!19sChIJJ1bvevvDg4gRk6lnvGbOzdk?authuser=0&hl=en&rclk=1
Auto body shop philladelphia,Jones Body Shop,4.6,5,,Auto body shop,10160 MS-482,32.7720195,-89.0426316,Open,Closes 5 PM,https://jonesbodyshop-autobodyshop.business.site/?utm_source=gmb&utm_medium=referral,2024-03-06 15:44:29,(601) 656-8854,,https://www.google.com/maps/place/Jones+Body+Shop/data=!4m7!3m6!1s0x8883ebac5dfc1959:0x38cb7805d72bedc5!8m2!3d32.7720195!4d-89.0426316!16s%2Fg%2F11fl5bppb9!19sChIJWRn8Xazrg4gRxe0r1wV4yzg?authuser=0&hl=en&rclk=1
Auto body shop philladelphia,Coyle Brothers Auto Body,4.9,42,,Auto body shop,6147 W Girard Ave,39.9703889,-75.2425276,,,,2024-03-06 15:44:31,," 
""Coyle auto body shop are excellent at what they do.""",https://www.google.com/maps/place/Coyle+Brothers+Auto+Body/data=!4m7!3m6!1s0x89c6c72a1caec74b:0x8f0452e24036d60f!8m2!3d39.9703889!4d-75.2425276!16s%2Fg%2F1tf6y9jj!19sChIJS8euHCrHxokRD9Y2QOJSBI8?authuser=0&hl=en&rclk=1
Auto body shop philladelphia,Joe's Auto Body,3.3,6,,Auto body shop,2060 Margaret St,40.0115036,-75.0772631,Open now,,,2024-03-06 15:44:32,(215) 743-7220,,https://www.google.com/maps/place/Joe%27s+Auto+Body/data=!4m7!3m6!1s0x89c6b66c426f85b7:0x8a9259ab7c06a9f4!8m2!3d40.0115036!4d-75.0772631!16s%2Fg%2F1tj9cz30!19sChIJt4VvQmy2xokR9KkGfKtZkoo?authuser=0&hl=en&rclk=1
Auto body shop philladelphia,KX Auto,4.8,136,,Auto repair shop,2429 Washington Ave,39.9402768,-75.1842755,Open,Closes 6 PM,https://www.facebook.com/kxautomotive/,2024-03-06 15:44:34,(267) 324-5784," 
""Best Auto shop in Philly.""",https://www.google.com/maps/place/KX+Auto/data=!4m7!3m6!1s0x89c6c6698e7fa6b7:0x86b18b6f5ec3179!8m2!3d39.9402768!4d-75.1842755!16s%2Fg%2F11cm09zs4n!19sChIJt6Z_jmnGxokReTHs9bYYawg?authuser=0&hl=en&rclk=1
Auto body shop philladelphia,Danny Irons Paint & Body Shop,4.8,6,,Auto body shop,10291 MS-482,32.7754503,-89.04505,Open,Closes 5 PM,,2024-03-06 15:44:35,(601) 656-0111,,https://www.google.com/maps/place/Danny+Irons+Paint+%26+Body+Shop/data=!4m7!3m6!1s0x8883ec24e307298f:0x7fc4a970c9042005!8m2!3d32.7754503!4d-89.04505!16s%2Fg%2F1thf99xc!19sChIJjykH4yTsg4gRBSAEyXCpxH8?authuser=0&hl=en&rclk=1
Auto body shop philladelphia,Gurabo Auto Body Shop,4.9,12,,Auto body shop,1101-1123 Adams Ave,40.0170555,-75.0932636,,,,2024-03-06 15:44:36,1101-1123 Adams Ave,,https://www.google.com/maps/place/Gurabo+Auto+Body+Shop/data=!4m7!3m6!1s0x89c6b645b239cf29:0x521ad3d59242c049!8m2!3d40.0170555!4d-75.0932636!16s%2Fg%2F11dyxthk2j!19sChIJKc85skW2xokRScBCktXTGlI?authuser=0&hl=en&rclk=1
Auto body shop philladelphia,Danny Irons Paint & Body Shop,4.8,6,,Auto body shop,"12450 Rd, Co Rd 759",32.8497081,-88.9955112,Open,Closes 5 PM,https://m.facebook.com/pages/category/Automotive-Body-Shop/Danny-Irons-Paint-Body-Shop-150982365502396/,2024-03-06 15:44:37,(601) 656-0111,,https://www.google.com/maps/place/Danny+Irons+Paint+%26+Body+Shop/data=!4m7!3m6!1s0x8883efd2cda643a1:0x152350f7d7f5d71d!8m2!3d32.8497081!4d-88.9955112!16s%2Fg%2F11n5d2z2q4!19sChIJoUOmzdLvg4gRHdf11_dQIxU?authuser=0&hl=en&rclk=1
